Player,PlayerID,Bats
Whit Merrifield,merriwh01,R
Trea Turner,turnetr01,R
Marcus Semien,semiema01,R
Bo Bichette,bichebo01,R
Dansby Swanson,swansda01,R
Vladimir Guerrero Jr.,guerrvl02,R
Amed Rosario,rosaram01,R
Starlin Castro,castrst01,R
Isiah Kiner-Falefa,kineris01,R
José Abreu,abreujo02,R
Manny Machado,machama01,R
Jose Peraza,perazjo01,R
Ronald Acuna Jr.,acunaro01,R
David Fletcher,fletcda02,R
Jonathan Schoop,schoojo01,R
Nick Castellanos,casteni01,R
Mitch Haniger,hanigmi01,R
Salvador Perez,perezsa02,R
Giancarlo Stanton,stantmi03,R
Austin Riley,rileyau01,R
Xander Bogaerts,bogaexa01,R
Kevin Pillar,pillake01,R
Javier Baez,baezja01,R
Adolis García,garciad02,R
Paul Goldschmidt,goldspa01,R
DJ LeMahieu,lemahdj01,R
Trey Mancini,mancitr01,R
Jose Altuve,altuvjo01,R
Elvis Andrus,andruel01,R
Trevor Story,storytr01,R
Pete Alonso,alonspe01,R
Mookie Betts,bettsmo01,R
Alex Bregman,bregmal01,R
Nolan Arenado,arenano01,R
Bobby Witt,wittbo02,R
Brian Anderson,anderbr06,R
Rhys Hoskins,hoskirh01,R
Jorge Soler,solerjo01,R
Randy Arozarena,arozara01,R
Alec Bohm,bohmal01,R
Randal Grichuk,grichra01,R
Jean Segura,segurje01,R
Matt Chapman,chapmma01,R
Paul DeJong,dejonpa01,R
Christian Walker,walkech02,R
Marcell Ozuna,ozunama01,R
Adam Jones,jonesad01,R
Khris Davis,daviskh01,R
C.J. Cron,croncj01,R
J.D. Martinez,martijd02,R
Eugenio Suarez,suareeu01,R
Miguel Andujar,andujmi01,R
Ty France,francty01,R
Aaron Judge,judgeaa01,R
Andrew McCutchen,mccutan01,R
Tim Anderson,anderti01,R
Tommy Pham,phamth01,R
Yuli Gurriel,gourryu01,R
Myles Straw,strawmy01,R
Willy Adames,adamewi01,R
Lorenzo Cain,cainlo01,R
Starling Marte,martest01,R
Nick Ahmed,ahmedni01,R
Carlos Correa,correca01,R
Ian Desmond,desmoia01,R
Ryan Mountcastle,mountry01,R
Yasiel Puig,puigya01,R
Andrelton Simmons,simmoan01,R
Brian Dozier,doziebr01,R
Teoscar Hernandez,hernate01,R
Josh Donaldson,donaljo02,R
Stephen Piscotty,piscost01,R
Victor Robles,roblevi01,R
Gleyber Torres,torregl01,R
Anthony Rendon,rendoan01,R
George Springer,springe01,R
Kris Bryant,bryankr01,R
Renato Nunez,nunezre01,R
J.T. Realmuto,realmjt01,R
Sean Murphy,murphse01,R
Chris Taylor,tayloch03,R
Austin Hays,haysau01,R
Jose Martinez,martijo08,R
Justin Turner,turneju01,R
Justin Upton,uptonju01,R
Jonathan India,indiajo01,R
Brendan Rodgers,rodgebr02,R
Kyle Farmer,farmeky01,R
Wilmer Flores,florewi01,R
Hanser Alberto,alberha01,R
Hunter Dozier,doziehu01,R
Jeremy Pena,penaje02,R
Hunter Renfroe,renfrhu01,R
Mark Canha,canhama01,R
Nelson Cruz,cruzne02,R
Brandon Drury,drurybr01,R
Ha-Seong Kim,kimha01,R
Kevin Newman,newmake01,R
Adam Duvall,duvalad01,R
Julio Rodriguez,rodriju01,R
Andrew Vaughn,vaughan01,R
Enrique Hernandez,hernaen02,R
Will Smith,smithwi05,R
Josh Harrison,harrijo05,R
Ke'Bryan Hayes,hayeske01,R
Billy Hamilton,hamilbi02,R
José Iglesias,iglesjo01,R
Matt Duffy,duffyma01,R
Gio Urshela,urshegi01,R
Edwin Encarnacion,encared01,R
Lourdes Gurriel Jr.,gurrilo01,R
Luke Voit,voitlu01,R
Lane Thomas,thomala02,R
Miguel Rojas,rojasmi02,R
Taylor Ward,wardta01,R
Orlando Arcia,arciaor01,R
Jorge Mateo,mateojo01,R
Franmil Reyes,reyesfr01,R
Miguel Cabrera,cabremi01,R
Ryon Healy,healyry01,R
Jesus Aguilar,aguilje01,R
Albert Pujols,pujolal01,R
Luis Urias,uriaslu01,R
Avisail Garcia,garciav01,R
AJ Pollock,polloaj01,R
Thairo Estrada,estrath01,R
Ian Kinsler,kinslia01,R
Alcides Escobar,escobal02,R
Michael A. Taylor,taylomi02,R
Tyler O'Neill,oneilty01,R
Christian Vazquez,vazquch01,R
Nico Hoerner,hoernni01,R
Evan Longoria,longoev01,R
Eduardo Nunez,nunezed02,R
Fernando Tatis Jr.,tatisfe02,R
Manuel Margot,margoma01,R
Willson Contreras,contrwi01,R
Yandy Díaz,diazya01,R
Wilson Ramos,ramoswi01,R
Mike Trout,troutmi01,R
Alejandro Kirk,kirkal01,R
Miguel Sano,sanomi01,R
Patrick Wisdom,wisdopa01,R
Eloy Jiménez,jimenel02,R
Matt Kemp,kempma01,R
Ryan Braun,braunry02,R
Yadier Molina,molinya01,R
Scott Kingery,kingesc01,R
Nick Solak,solakni01,R
Garrett Hampson,hampsga01,R
Domingo Santana,santado01,R
Santiago Espinal,espinsa01,R
Todd Frazier,frazito01,R
Albert Almora,almoral01,R
Jose Miranda,miranjo01,R
Wil Myers,myerswi01,R
James McCann,mccanja02,R
Oscar Mercado,mercaos01,R
Jose Pirela,pireljo01,R
Matt Davidson,davidma02,R
Ramon Laureano,laurera01,R
Adrian Beltre,beltrad01,R
Maikel Franco,francma02,R
Jorge Alfaro,alfarjo01,R
Adam Engel,engelad01,R
JaCoby Jones,jonesja07,R
Owen Miller,milleow01,R
Aledmys Díaz,diazal02,R
Harold Ramirez,ramirha02,R
Addison Russell,russead02,R
Gary Sanchez,sanchga02,R
Bobby Dalbec,dalbebo01,R
Jonathan Lucroy,lucrojo01,R
Garrett Cooper,coopega03,R
Gorkys Hernandez,hernago01,R
J.D. Davis,davisjd01,R
Evan Gattis,gattiev01,R
Buster Posey,poseybu01,R
Connor Joe,joeco01,R
Yan Gomes,gomesya01,R
Ramon Urias,uriasra01,R
Michael Chavis,chavimi01,R
Seiya Suzuki,suzukse01,R
Travis d'Arnaud,darnatr01,R
Jordy Mercer,mercejo03,R
Brandon Dixon,dixonbr01,R
Roberto Perez,perezro02,R
Lewis Brinson,brinsle01,R
Luis Robert,roberlu01,R
Harrison Bader,baderha01,R
Christopher Morel,morelch01,R
Pedro Severino,severpe01,R
Nick Senzel,senzeni01,R
Jacob Stallings,stallja01,R
Martin Maldonado,maldoma01,R
Tyrone Taylor,tayloty01,R
Mike Zunino,zuninmi01,R
Yonathan Daza,dazayo01,R
Logan Forsythe,forsylo01,R
Tim Beckham,beckhti01,R
Robinson Chirinos,chiriro01,R
Oscar Gonzalez,gonzaos01,R
Chad Pinder,pindech01,R
Carlos Gomez,gomezca01,R
Spencer Torkelson,torkesp01,R
Chas McCormick,mccorch01,R
Jon Berti,bertijo01,R
Delino DeShields,deshide02,R
Devon Travis,travide01,R
Elias Diaz,diazel01,R
Jedd Gyorko,gyorkje01,R
Eric Haase,haaseer01,R
Christian Villanueva,villach01,R
Tyler Stephenson,stephty01,R
Austin Jackson,jacksau01,R
Danny Jansen,janseda01,R
Austin Nola,nolaau01,R
Kurt Suzuki,suzukku01,R
Luis Torrens,torrelu01,R
Phil Gosselin,gosseph01,R
Cameron Maybin,maybica01,R
Byron Buxton,buxtoby01,R
Jose Trevino,trevijo01,R
William Contreras,contrwi02,R
Howie Kendrick,kendrho01,R
Darin Ruf,rufda01,R
Max Stassi,stassma01,R
Francisco Cervelli,cervefr01,R
Dylan Moore,mooredy01,R
Isaac Paredes,paredis01,R
Emmanuel Rivera,riverem01,R
Mark Trumbo,trumbma01,R
Bryan De La Cruz,delacbr01,R
Jose Bautista,bautijo02,R
Matt Vierling,vierlma01,R
John Hicks,hicksjo02,R
Christian Bethancourt,bethach01,R
Ronald Torreyes,torrero01,R
Carson Kelly,kellyca02,R
Hernan Perez,perezhe01,R
Keston Hiura,hiurake01,R
Josh Phegley,phegljo01,R
Austin Hedges,hedgeau01,R
Gilberto Celestino,celesgi01,R
Mitch Garver,garvemi01,R
Cheslor Cuthbert,cuthbch01,R
Juan Lagares,lagarju01,R
Donovan Solano,solando01,R
Manny Pina,pinama01,R
Guillermo Heredia,heredgu01,R
David Bote,boteda01,R
Jose Siri,sirijo01,R
Nick Allen,allenni02,R
Chris Iannetta,iannech01,R
Charlie Culberson,culbech01,R
Adeiny Hechavarria,hechaad01,R
Yairo Munoz,munozya01,R
Jake Marisnick,marisja01,R
Russell Martin,martiru01,R
Edmundo Sosa,sosaed01,R
Ryan Zimmerman,zimmery01,R
Hunter Pence,pencehu01,R
Tomás Nido,nidoto01,R
Richie Martin,martiri01,R
Nick Hundley,hundlni01,R
Daniel Robertson,roberda10,R
Chris Owings,owingch01,R
Christian Arroyo,arroych01,R
David Freese,freesda01,R
Tom Murphy,murphto04,R
Austin Slater,slateau01,R
Ronny Rodriguez,rodriro03,R
Dawel Lugo,lugoda01,R
Kelvin Gutierrez,gutieke01,R
Tyler Flowers,flowety01,R
Joshua Fuentes,fuentjo01,R
Sheldon Neuse,neusesh01,R
Frank Schwindel,schwifr01,R
Jo Adell,adelljo01,R
Ryan Jeffers,jeffery01,R
Jack Mayfield,mayfija01,R
Caleb Joseph,josepca01,R
Diego Castillo,castidi02,R
Joey Bart,bartjo01,R
Jose Osuna,osunajo01,R
Andrew Knizner,kniznan01,R
Aristides Aquino,aquinar01,R
Pat Valaika,valaipa01,R
Danny Valencia,valenda01,R
Andy Ibáñez,ibanean01,R
Juan Yepez,yepezju01,R
Martin Prado,pradoma01,R
Tyler Austin,austity01,R
Devin Mesoraco,mesorde01,R
Matt Reynolds,reynoma03,R
Aaron Altherr,altheaa01,R
Mauricio Dubon,dubonma01,R
Austin Romine,rominau01,R
Cristian Pache,pachecr01,R
Steven Souza Jr.,souzast01,R
Yermin Mercedes,merceye01,R
Tyler White,whitety01,R
Kevin Plawecki,plaweke01,R
Yu Chang,changyu01,R
Jorge Bonifacio,bonifjo01,R
Phil Ervin,ervinph01,R
Welington Castillo,castiwe01,R
Kyle Higashioka,higasky01,R
Jeff Mathis,mathije01,R
Jackson Frazier,frazicl01,R
Jordan Luplow,luplojo01,R
Zack Cozart,cozarza01,R
Gordon Beckham,beckhgo01,R
Mikie Mahtook,mahtomi01,R
DJ Peters,peterdj01,R
Joey Meneses,menesjo01,R
Johnny Field,fieldjo04,R
Erik Gonzalez,gonzaer01,R
Trayce Thompson,thomptr01,R
Ryan Cordell,cordery01,R
Nick Fortes,forteni01,R
Carter Kieboom,kieboca01,R
Steve Pearce,pearcst01,R
Phillip Evans,evansph01,R
Dixon Machado,machadi01,R
Joey Rickard,rickajo01,R
Austin Barnes,barneau01,R
Tim Locastro,locasti01,R
Nick Madrigal,madrini01,R
Willians Astudillo,astudwi01,R
Ezequiel Duran,duranez01,R
Grayson Greiner,greingr01,R
John Ryan Murphy,murphjr01,R
Curt Casali,casalcu01,R
Kyle Lewis,lewisky01,R
Mark Reynolds,reynoma01,R
Keon Broxton,broxtke01,R
Erik Kratz,kratzer01,R
Jose Azocar,azocajo01,R
Luke Maile,mailelu01,R
P.J. Higgins,higgipj01,R
Eli White,whiteel04,R
Rajai Davis,davisra01,R
Brandon Guyer,guyerbr01,R
Jefry Marte,marteje01,R
Kevan Smith,smithke04,R
Brent Rooker,rookebr01,R
Brian Serven,servebr01,R
Bubba Starling,starlbu01,R
Nelson Velázquez,velazne01,R
Jesus Sucre,sucreje01,R
Evan White,whiteev01,R
Austin Dean,deanau01,R
Seby Zavala,zavalse01,R
Hanley Ramirez,ramirha01,R
Elehuris Montero,monteel01,R
Jung Ho Kang,kangju01,R
Bubba Thompson,thompbu01,R
Travis Demeritte,demertr01,R
Ryan McKenna,mckenry01,R
Jake Burger,burgeja01,R
Jose Barrero,garcijo02,R
Ryan LaMarre,lamarry01,R
Danny Mendick,mendida01,R
Drew Butera,buterdr01,R
Ernie Clement,clemeer01,R
Jonah Bride,bridejo01,R
Austin Wynns,wynnsau01,R
Edward Olivares,olivaed02,R
Tyler Nevin,nevinty01,R
Craig Gentry,gentrcr01,R
Charles Leblanc,leblach01,R
Zack Short,shortza01,R
David Villar,villada01,R
Jason Delay,delayja01,R
Rob Refsnyder,refsnro01,R
A.J. Ellis,ellisaj01,R
Bryan Holaday,holadbr01,R
Mike Brosseau,brossmi01,R
Kyle Garlick,garliky01,R
Jake Meyers,meyerja02,R
Sean Rodriguez,rodrise01,R
Noel Cuevas,cuevano01,R
Sam Travis,travisa01,R
Tim Lopes,lopesti01,R
Pablo Reyes,reyespa01,R
Jose Rondon,rondojo02,R
Riley Adams,adamsri03,R
Shea Langeliers,langesh01,R
Yoenis Céspedes,cespeyo01,R
Vaughn Grissom,grissva01,R
Kelby Tomlinson,tomlike01,R
Derek Hill,hillde01,R
Yadiel Rivera,riverya01,R
Ryan Rua,ruary01,R
Kevin Smith,smithke05,R
Bobby Wilson,wilsobo02,R
Anthony Alford,alforan01,R
Francisco Pena,penafr01,R
Alex Jackson,jacksal02,R
John Nogowski,nogowjo01,R
Alex Blandino,blandal01,R
Mac Williamson,willima11,R
Luke Williams,willilu01,R
Cam Gallagher,gallaca01,R
Tyler Saladino,saladty01,R
Spencer Kieboom,kiebosp01,R
Cesar Puello,puellce01,R
Humberto Arteaga,arteahu01,R
Sam Huff,huffsa01,R
Carlos Tocci,toccica01,R
Alan Trejo,trejoal01,R
Jose Briceno,bricejo01,R
Dermis Garcia,garcide02,R
Alex Call,callal02,R
Jake Rogers,rogerja03,R
Chris Young,youngch04,R
Aramis Garcia,garciar01,R
Nate Eaton,eatonna01,R
Romy Gonzalez,gonzaro01,R
Daz Cameron,camerda01,R
Taylor Jones,jonesta01,R
Josh Jung,jungjo01,R
Stuart Fairchild,faircst01,R
Spencer Steer,steersp01,R
Chase d'Arnaud,darnach01,R
David Freitas,freitda01,R
Peyton Burdick,burdipe01,R
Tres Barrera,barretr01,R
Andrew Young,youngan02,R
Paulo Orlando,orlanpa01,R
Jonathan Davis,davisjo05,R
Dilson Herrera,herredi01,R
Dustin Garneau,garnedu01,R
Rene Rivera,riverre01,R
Buddy Kennedy,kennebu01,R
Wilfredo Tovar,tovarwi01,R
Mark Mathias,mathima01,R
Ryan McBroom,mcbrory01,R
Rene Pinto,pintore02,R
Deven Marrero,marrede01,R
Jerar Encarnacion,encarje01,R
Tyler Freeman,freemty01,R
Kristopher Negron,negrokr01,R
Stone Garrett,garrest01,R
Tim Federowicz,federti01,R
Scott Heineman,heinesc01,R
Matt Szczur,szczuma01,R
Sean Bouchard,bouchse01,R
Yohel Pozo,pozoyo01,R
Franklin Barreto,barrefr02,R
Ryan Kreidler,kreidry01,R
Stephen Strasburg,strasst01,R
Kevin Cron,cronke01,R
Jermaine Palacios,palacje01,R
Carlos Perez,perezca02,R
Max Scherzer,scherma01,R
Walker Buehler,buehlwa01,R
Drew Ellis,ellisdr01,R
Pete Kozma,kozmape01,R
Gabriel Moreno,morenga01,R
Webster Rivas,rivaswe01,R
Jahmai Jones,jonesja08,R
Peter O'Brien,obriepe01,R
Jett Bandy,bandyje01,R
Isaac Galloway,gallois01,R
Zack Greinke,greinza01,R
Madison Bumgarner,bumgama01,R
Miles Mikolas,mikolmi01,R
Luis Castillo,castilu02,R
Aaron Nola,nolaaa01,R
John Andreoli,andrejo03,R
Jordan Groshans,groshjo01,R
Michael Hermosillo,hermomi01,R
Gregorio Petit,petitgr01,R
Michael Stefanic,stefami01,R
Chadwick Tromp,trompch01,R
Will Craig,craigwi01,R
Kyle Hendricks,hendrky01,R
German Marquez,marquge01,R
Chad Wallach,wallach01,R
Chuckie Robinson,robinch04,R
Sandy Alcantara,alcansa01,R
Mike Foltynewicz,foltymi01,R
Tanner Roark,roarkta01,R
Adrian Sanchez,sanchad01,R
Chris Gimenez,gimench01,R
Steven Matz,matzst01,R
Jameson Taillon,taillja01,R
Adam Wainwright,wainwad01,R
Braden Bishop,bishobr01,R
Jhoulys Chacin,chacijh01,R
Yu Darvish,darviyu01,R
Nick Dini,dinini01,R
Anthony DeSclafani,desclan01,R
Tyler Mahle,mahlety01,R
Charlie Morton,mortoch02,R
Julio Teheran,teherju01,R
Jack Flaherty,flaheja01,R
Jose Quintana,quintjo01,R
Moises Sierra,sierrmo01,R
Zack Godley,godleza01,R
Matt Harvey,harvema01,R
Matt Holliday,hollima01,R
Ivan Nova,novaiv01,R
Corbin Burnes,burneco01,R
Zach Davies,davieza02,R
Johneshwy Fargas,fargajo01,R
Jon Gray,grayjo02,R
Merrill Kelly,kellyme01,R
Anibal Sanchez,sanchan01,R
Mike Soroka,sorokmi01,R
Gio Gonzalez,gonzagi01,R
Terrance Gore,gorete01,R
Dakota Hudson,hudsoda02,R
Joe Musgrove,musgrjo01,R
Hyun Jin Ryu,ryuhy01,R
Marcus Stroman,stromma01,R
Zach Eflin,eflinza01,R
Jake Hager,hagerja01,R
David MacKinnon,mackida01,R
Jeff Samardzija,samarje01,R
Jordan Diaz,diazjo03,R
Oswald Peraza,perazos02,R
Shane Robinson,robinsh01,R
Luis Campusano,campulu01,R
Michael Lorenzen,lorenmi01,R
Kenta Maeda,maedake01,R
Jacob Nottingham,nottija01,R
Jose Urena,urenajo01,R
Connor Wong,wongco01,R
Gabriel Arias,ariasga01,R
Jake Elmore,elmorja01,R
Monte Harrison,harrimo01,R
Miguel Vargas,vargami01,R
Daniel Castro,castrda01,R
Sonny Gray,grayso01,R
Logan Webb,webblo01,R
Chase Anderson,anderch01,R
Jake Arrieta,arrieja01,R
Jordan Lyles,lylesjo01,R
Curtis Terry,terrycu01,R
Peter Bourjos,bourjpe01,R
Dustin Peterson,peterdu01,R
Alex Wood,woodal02,R
Freddy Peralta,peralfr01,R
Caleb Smith,smithca03,R
Chris Stratton,stratch01,R
Trevor Williams,willitr01,R
Wynton Bernard,bernawy01,R
Jaylin Davis,davisja03,R
Adrian Houser,housead01,R
Wyatt Mathisen,mathiwy01,R
Chris Paddack,paddach01,R
Tyson Ross,rossty01,R
Eric Stamets,stameer01,R
Wei-Yin Chen,chenwe02,R
Eric Lauer,lauerer01,R
Royce Lewis,lewisro02,R
Jared Oliva,olivaja01,R
Nick Pivetta,pivetni01,R
Sebastian Rivero,riverse01,R
Antonio Senzatela,senzaan01,R
Vince Velasquez,velasvi01,R
Jabari Blash,blashja01,R
Jeter Downs,downsje01,R
Joseph Odom,odomjo01,R
Rangel Ravelo,ravelra01,R
Jake Smolinski,smolija01,R
Tyler Beede,beedety01,R
JT Brubaker,brubajt01,R
Luke Weaver,weavelu01,R
Ian Anderson,anderia01,R
Colton Welker,welkeco01,R
Erick Fedde,feddeer01,R
Chris Gittens,gittech01,R
Mark Vientos,vientma01,R
Michael Wacha,wachami01,R
Mark Zagunis,zagunma01,R
Chris Archer,archech01,R
Wil Crowe,crowewi01,R
Junior Guerra,guerrju02,R
Esteury Ruiz,ruizes01,R
Lenyn Sosa,sosale01,R
Chad Bettis,bettich01,R
Taylor Motter,motteta01,R
Vladimir Gutiérrez,gutievl01,R
Elier Hernandez,hernael02,R
Carlos Martinez,martica04,R
Kevin Padlo,padloke01,R
Ross Stripling,stripro01,R
Ezequiel Tovar,tovarez01,R
Zac Gallen,galleza01,R
Jeremy Hellickson,hellije01,R
Alec Mills,millsal02,R
Dereck Rodriguez,rodride01,R
Joe Ross,rossjo01,R
Huascar Ynoa,ynoahu01,R
Adbert Alzolay,alzolad01,R
John Gant,gantjo01,R
Chi Chi Gonzalez,gonzach01,R
Trevor Richards,richatr01,R
Dan Straily,straida01,R
Trevor Bauer,bauertr01,R
Paolo Espino,espinpa01,R
Seth Mejias-Brean,mejiase01,R
Jack Reinheimer,reinhja01,R
Ty Blach,blachty01,R
Johnny Cueto,cuetojo01,R
Kyle Gibson,gibsoky01,R
David Hensley,henslda01,R
Brandon McCarthy,mccarbr01,R
Payton Henry,henrypa01,R
Mitch Keller,kellemi03,R
Peter Lambert,lambepe01,R
Ryan Lavarnway,lavarry01,R
Tylor Megill,megilty01,R
Mike Marjama,marjami01,R
Ryan Weathers,weathry01,R
Homer Bailey,baileho02,R
Tony Cruz,cruzto03,R
Andrew Susac,susacan01,R
Lane Adams,adamsla01,R
Shaun Anderson,andersh01,R
Tyler Chatwood,chatwty01,R
Korey Lee,leeko01,R
Taylor Clarke,clarkta01,R
Ryan Court,courtry01,R
Christian Colon,colonch01,R
Robbie Erlin,erlinro01,R
Nick Kingham,kinghni01,R
Brandon Phillips,phillbr01,R
Dario Agrazal,agrazda01,R
Maikel Garcia,garcima01,R
Josiah Gray,grayjo03,R
Dalton Guthrie,guthrda01,R
Jeff Hoffman,hoffmje02,R
Chad Kuhl,kuhlch01,R
Dinelson Lamet,lametdi01,R
Mike Leake,leakemi01,R
Nate Orf,orfna01,R
Matt Strahm,strahma01,R
Bryse Wilson,wilsobr02,R
Jordan Yamamoto,yamamjo01,R
Sherten Apostel,apostsh01,R
Ben DeLuzio,deluzbe01,R
Mark Kolozsvary,kolozma01,R
Johan Oviedo,oviedjo01,R
Dustin Pedroia,pedrodu01,R
Heliot Ramos,ramoshe02,R
Jacob Wilson,wilsoja04,R
Brandon Barnes,barnebr02,R
Matthew Batten,battema01,R
Elieser Hernandez,hernael01,R
Drew Pomeranz,pomerdr01,R
Adam Rosales,rosalad01,R
Taylor Davis,davista01,R
Juan Graterol,grateju01,R
Gabriel Guerrero,guerrga01,R
Caleb Hamilton,hamilca01,R
Ivan Herrera,herreiv01,R
Adam Moore,mooread01,R
Gift Ngoepe,ngoepgi01,R
Corey Oswalt,oswalco01,R
Carlos Perez,perezca03,R
Troy Stokes Jr.,stoketr01,R
Jake Woodford,woodfja01,R
Tony Gonsolin,gonsoto01,R
Joe Hudson,hudsojo03,R
Jake Noll,nollja01,R
Christopher Bostick,bostich01,R
Matt Peacock,peacoma01,R
Jefry Rodriguez,rodrije01,R
Riley Smith,smithri01,R
Carlos Carrasco,carraca01,R
Rocky Gale,galero01,R
Jacob Nix,nixja02,R
Chris Stewart,stewach01,R
Zach Thompson,thompza01,R
Touki Toussaint,toussto01,R
Mitch White,whitemi03,R
Rylan Bannon,bannory01,R
Jerad Eickhoff,eickhje01,R
Zach Green,greenza01,R
Logan O'Hoppe,ohopplo01,R
Blake Trahan,trahabl01,R
Trent Giambrone,giambtr01,R
Patrick Kivlehan,kivlepa01,R
Jack Lopez,lopezja03,R
Israel Pineda,pinedis01,R
Francisco Álvarez,alvarfr01,R
Max Kranick,kranima01,R
Bryan Lavastida,lavasbr01,R
Chris Okey,okeych01,R
Jorge Oña,onajo01,R
Trevor Plouffe,plouftr01,R
Abiatal Avelino,aveliab01,R
Andy Burns,burnsan01,R
Eric Campbell,campber01,R
Robert Dugger,duggero01,R
Braxton Garrett,garrebr01,R
Seth Lugo,lugose01,R
Dustin May,maydu01,R
Kyle Muller,mulleky01,R
Nick Neidert,neideni01,R
Raudy Read,readra01,R
Troy Tulowitzki,tulowtr01,R
Aaron Whitefield,whiteaa01,R
Steven Baron,baronst01,R
Nabil Crismatt,crismna01,R
Brendon Davis,davisbr04,R
Joe Dunand,dunanjo01,R
Jordan Holloway,hollojo01,R
Cody Poteet,poteeco01,R
Aaron Sanchez,sanchaa01,R
Trevor Cahill,cahiltr01,R
Gerrit Cole,colege01,R
Nathan Eovaldi,eovalna01,R
Alfredo Gonzalez,gonzaal04,R
Deivy Grullon,grullde01,R
Christian Lopes,lopesch01,R
Otto Lopez,lopezot01,R
Mike Minor,minormi01,R
Daniel Ponce de Leon,ponceda01,R
Ali Sanchez,sanchal04,R
Ruben Tejada,tejadru01,R
Austin Voth,vothau01,R
Erick Castillo,castier01,R
Dylan Cease,ceasedy01,R
Narciso Crook,crookna01,R
Yainer Diaz,diazya02,R
Domingo German,germado01,R
Brad Keller,kellebr01,R
Brett Kennedy,kennebr02,R
Tim Melville,melviti01,R
Luis Perdomo,perdolu02,R
Michael Reed,reedmi02,R
Lucas Sims,simslu01,R
Spencer Turnbull,turnbsp01,R
Matt Wisler,wislema01,R
Dairon Blanco,blancda02,R
Edward Cabrera,cabreed02,R
Freddy Fermin,fermifr01,R
Ben Lively,livelbe01,R
Humberto Mejia,mejiahu01,R
Rick Porcello,porceri01,R
Adrian Sampson,sampsad01,R
Tony Santillan,santito01,R
Matt Andriese,andrima01,R
Rafael Bautista,bautira01,R
Shane Bieber,biebesh01,R
Dan Butler,butleda01,R
Humberto Castellanos,castehu01,R
Steve Cishek,cishest01,R
Alex Cobb,cobbal01,R
Alex De Goti,degotal01,R
Ryan Dorow,dorowry01,R
Michael Fulmer,fulmemi01,R
Luis Garcia,garcilu05,R
Lucas Giolito,giolilu01,R
Ashton Goudeau,goudeas01,R
Clay Holmes,holmecl01,R
Spencer Howard,howarsp01,R
Corey Kluber,klubeco01,R
Walker Lockett,lockewa01,R
Luis Marte,martelu02,R
Alex McRae,mcraeal01,R
Jake Odorizzi,odorija01,R
Félix Peña,penafe01,R
Cody Ponce,ponceco01,R
James Shields,shielja02,R
Brandon Snyder,snydebr03,R
Elliot Soto,sotoel01,R
Masahiro Tanaka,tanakma01,R
Keegan Thompson,thompke02,R
Yasmany Tomás,tomasya01,R
Josh Tomlin,tomlijo01,R
Ryan Vilade,viladry01,R
Kyle Wright,wrighky01,R
Yency Almonte,almonye01,R
Jaime Barria,barrija01,R
Ronald Bolanos,bolanro01,R
Vinny Capra,capravi01,R
John Curtiss,curtijo02,R
Odrisamer Despaigne,despaod01,R
Bailey Falter,falteba01,R
Caleb Ferguson,ferguca01,R
Robert Gsellman,gsellro01,R
Sean Manaea,manaese01,R
Frankie Montas,montafr02,R
Brian Navarreto,navarbr01,R
Garrett Richards,richaga01,R
Eguy Rosario,rosareg01,R
Luis Severino,severlu01,R
Paul Sewald,sewalpa01,R
Craig Stammen,stammcr01,R
Jesus Tinoco,tinocje01,R
Edwin Uceta,ucetaed01,R
Justin Verlander,verlaju01,R
Marcus Wilson,wilsoma02,R
Logan Allen,allenlo01,R
Trey Amburgey,amburtr01,R
Pedro Baez,baezpe01,R
Chris Bassitt,bassich01,R
Jose Berrios,berrijo01,R
Brad Brach,brachbr01,R
Shane Carle,carlesh01,R
Adam Cimber,cimbead01,R
Mike Clevinger,clevimi01,R
Bartolo Colon,colonba01,R
Jose De Leon,deleojo03,R
Montana DuRapau,durapmo01,R
Mario Feliciano,felicma01,R
Heath Fillmyer,fillmhe01,R
Merandy Gonzalez,gonzame01,R
Carlos Hernandez,hernaca04,R
Felix Hernandez,hernafe02,R
Oscar Hernandez,hernaos01,R
David Hess,hessda01,R
Brewer Hicklen,hicklbr01,R
Andre Jackson,jacksan01,R
Casey Kelly,kellyca01,R
Zack Littell,litteza01,R
Reynaldo Lopez,lopezre01,R
Corbin Martin,martico02,R
James Marvel,marveja01,R
Phil Maton,matonph01,R
Hector Noesi,noesihe01,R
Hunter Owen,owenhu01,R
Michael Pineda,pinedmi01,R
Drew Rasmussen,rasmudr01,R
Drew Rucinski,rucindr01,R
Hector Santiago,santihe01,R
Duane Underwood Jr.,underdu01,R
Jose Urquidy,urquijo01,R
Framber Valdez,valdefr01,R
Zach Vincej,vinceza01,R
Ryan Yarbrough,yarbrry01,R
Cory Abbott,abbotco01,R
Drew Anderson,anderdr02,R
Tejay Antone,antonte01,R
Phil Bickford,bickfph01,R
Jeff Brigham,brighje01,R
Aaron Brooks,brookaa01,R
Andrew Cashner,cashnan01,R
Jesse Chavez,chaveje01,R
Tyler Cloyd,cloydty01,R
A.J. Cole,coleaj01,R
Enyel De Los Santos,delosen01,R
Ross Detwiler,detwiro01,R
Miguel Diaz,diazmi02,R
Justin Dunn,dunnju01,R
Dane Dunning,dunnida01,R
Jake Faria,fariaja01,R
Chris Flexen,flexech01,R
Wilmer Font,fontwi01,R
Seth Frankoff,frankse01,R
Drew Gagnon,gagnodr01,R
Sam Gaviglio,gavigsa01,R
Javy Guerra,guerrja01,R
Jason Hammel,hammeja01,R
Ryan Helsley,helslry01,R
Raisel Iglesias,iglesra01,R
Drew Jackson,jacksdr01,R
Edwin Jackson,jacksed01,R
Griffin Jax,jaxgr01,R
James Kaprielian,kaprija01,R
Joe Kelly,kellyjo05,R
Mark Leiter Jr.,leitema02,R
Kazuhisa Makita,makitka01,R
Parker Markel,markepa01,R
Chris Mazza,mazzach01,R
Kyle McGowin,mcgowky01,R
Deck McGuire,mcguide02,R
Daniel Mengden,mengdda01,R
Shelby Miller,millesh01,R
Jimmy Nelson,nelsoji02,R
James Norwood,norwoja01,R
Brian O'Keefe,okeefbr01,R
Liover Peguero,pegueli01,R
Evan Phillips,phillev01,R
Erasmo Ramirez,ramirer02,R
Sean Reid-Foley,reidfse01,R
Fernando Romero,romerfe01,R
Casey Sadler,sadleca02,R
Donny Sands,sandsdo01,R
Kohl Stewart,stewako01,R
Wander Suero,suerowa01,R
Trent Thornton,thorntr01,R
Nick Vincent,vinceni01,R
Aaron Wilkerson,wilkeaa01,R
Miguel Yajure,yajurmi01,R
Joan Adon,adonjo01,R
Tyler Alexander,alexaty01,R
Tanner Anderson,anderta01,R
Kohei Arihara,arihako01,R
Aaron Ashby,ashbyaa01,R
Caleb Baragar,baragca01,R
Chris Beck,beckch02,R
Anthony Bender,bendean01,R
Christian Bergman,bergmch01,R
Paul Blackburn,blackpa01,R
Eddie Butler,butleed01,R
Griffin Canning,cannigr01,R
Yonny Chirinos,chiriyo01,R
Aaron Civale,civalaa01,R
Garrett Cleavinger,cleavga01,R
Dylan Covey,coveydy01,R
Seth Elledge,elledse01,R
Luis Escobar,escoblu01,R
Thomas Eshelman,eshelto01,R
Michael Feliz,felizmi01,R
Carson Fulmer,fulmeca01,R
Giovanny Gallegos,gallegi01,R
Yimi Garcia,garciyi01,R
Amir Garrett,garream01,R
Roberto Gomez,gomezro01,R
Brusdar Graterol,gratebr01,R
Brett Graves,gravebr01,R
Jandel Gustave,gustaja01,R
Justin Hancock,hancoju01,R
Daniel Hudson,hudsoda01,R
Jared Hughes,hugheja02,R
Jay Jackson,jacksja01,R
Jakob Junis,junisja01,R
Sean Kazmar Jr.,kazmase01,R
Ian Kennedy,kenneia01,R
Corey Knebel,knebeco01,R
Jonathan Loaisiga,loaisjo01,R
Jorge Lopez,lopezjo02,R
Darren McCaughan,mccauda01,R
Triston McKenzie,mckentr01,R
Keury Mella,mellake01,R
Casey Mize,mizeca01,R
Eli Morgan,morgael01,R
Tommy Nance,nanceto01,R
Juan Nicasio,nicasju01,R
Bailey Ober,oberba01,R
Wes Parsons,parsowe01,R
Tyler Payne,paynety01,R
Cionel Pérez,perezci01,R
Tim Peterson,peterti01,R
Adam Plutko,plutkad01,R
Yefry Ramirez,ramirye01,R
Colin Rea,reaco01,R
Jakson Reetz,reetzja01,R
Richard Rodriguez,rodriri05,R
Joe Ryan,ryanjo04,R
Dennis Santana,santade01,R
James Sherfy,sherfji01,R
Braden Shipley,shiplbr01,R
Tarik Skubal,skubata01,R
Chad Sobotka,sobotch01,R
Glenn Sparkman,sparkgl01,R
Jackson Stephens,stephja01,R
Robert Stephenson,stephro01,R
Hunter Strickland,strichu01,R
Pedro Strop,stroppe01,R
Erik Swanson,swanser01,R
Jake Thompson,thompja03,R
Jacob Waguespack,wagueja01,R
Jacob Webb,webbja01,R
Garrett Whitlock,whitlga01,R
David Wright,wrighda03,R
Jordan Zimmermann,zimmejo02,R
Austin Adams,adamsau02,R
R.J. Alaniz,alanirj01,R
Cody Allen,allenco01,R
Pedro Avila,avilape01,R
Daniel Bard,bardda01,R
Matt Barnes,barnema01,R
Tyler Bashlor,bashlty01,R
Dellin Betances,betande01,R
Alec Bettinger,bettial01,R
Matt Bowman,bowmama01,R
Archie Bradley,bradlar01,R
Austin Brice,briceau01,R
Matt Carasiti,carasma01,R
Ryan Castellani,castery01,R
Diego Castillo,castidi01,R
Luis Cessa,cessalu01,R
Sam Coonrod,coonrsa01,R
Daniel Corcino,corcida01,R
Nestor Cortes,cortene01,R
Rookie Davis,davisro03,R
Yennsy Díaz,diazye01,R
Yusniel Diaz,diazyu01,R
Jake Diekman,diekmja01,R
Seranthony Dominguez,dominse01,R
Oliver Drake,drakeol01,R
Marco Estrada,estrama01,R
Ryan Feltner,feltnry01,R
Junior Fernandez,fernaju01,R
Sam Freeman,freemsa01,R
Yovani Gallardo,gallayo01,R
Rico Garcia,garciri01,R
Rony Garcia,garciro03,R
Trevor Gott,gotttr01,R
J.D. Hammer,hammejd01,R
Ryne Harper,harpery01,R
Heath Hembree,hembrhe01,R
Ryan Hendrix,hendrry01,R
David Hernandez,hernada01,R
Jordan Hicks,hicksjo03,R
Tim Hill,hillti01,R
Yoshihisa Hirano,hiranyo01,R
Tanner Houck,houckta01,R
Sam Howard,howarsa01,R
Phil Hughes,hugheph01,R
Tommy Hunter,hunteto02,R
Luke Jackson,jackslu01,R
Jeremy Jeffress,jeffrje01,R
Jake Jewell,jewelja01,R
Pierce Johnson,johnspi01,R
Nate Jones,jonesna01,R
Ariel Jurado,juradar01,R
Shawn Kelley,kellesh01,R
Craig Kimbrel,kimbrcr01,R
Tyler Kinley,kinlety01,R
Brandon Kintzler,kintzbr01,R
Andrew Kittredge,kittran01,R
Michael Kopech,kopecmi01,R
Joel Kuhnel,kuhnejo01,R
Tyler Ladendorf,ladenty01,R
Derek Law,lawde01,R
Josh Lindblom,lindbjo01,R
Elvis Luciano,luciael01,R
Luis Madero,maderlu01,R
Matt Magill,magilma01,R
Matt Manning,mannima02,R
Alek Manoah,manoaal01,R
Mike Mayers,mayermi01,R
Nick Mears,mearsni01,R
Adonis Medina,medinad01,R
Adalberto Mejia,mejiaad01,R
J.C. Mejia,mejiaje02,R
Justin Miller,milleju02,R
Reyes Moronta,moronre01,R
Brandon Morrow,morrobr01,R
Patrick Murphy,murphpa02,R
Packy Naughton,naughpa01,R
Hector Neris,nerishe01,R
Stephen Nogosek,nogosst01,R
Scott Oberg,obergsc01,R
Blake Parker,parkebl01,R
Pedro Payano,payanpe01,R
Brad Peacock,peacobr01,R
Wily Peralta,peralwi01,R
Joe Perez,perezjo02,R
Yusmeiro Petit,petityu01,R
Jake Petricka,petrija01,R
Zach Pop,popza01,R
Sean Poppen,poppese01,R
Austin Pruitt,pruitau01,R
Tanner Rainey,raineta01,R
Neil Ramirez,ramirne01,R
Jake Reed,reedja02,R
Alex Reyes,reyesal02,R
Gerardo Reyes,reyesge01,R
Jacob Rhame,rhameja01,R
Yacksel Rios,riosya01,R
David Robertson,roberda08,R
Kramer Robertson,roberkr01,R
Hansel Robles,robleha01,R
Manuel Rodríguez,rodrima01,R
Enny Romero,romeren01,R
Sergio Romo,romose01,R
Michael Rucker,ruckemi01,R
Jose Ruiz,ruizjo01,R
Fernando Salas,salasfe01,R
Miguel Sanchez,sanchmi01,R
Edgar Santana,santaed01,R
Warwick Saupold,saupowa01,R
Josh Sborz,sborzjo01,R
Clarke Schmidt,schmicl01,R
Sam Selman,selmasa01,R
Kevin Shackelford,shackke01,R
Burch Smith,smithbu03,R
Drew Smith,smithdr01,R
Will Smith,smithwi04,R
Spencer Strider,stridsp01,R
Thomas Szapucki,szaputh01,R
Justin Topa,topaju01,R
Nick Tropeano,tropeni01,R
Hector Velazquez,velazhe01,R
Drew VerHagen,verhadr01,R
Marcus Walden,waldema01,R
Jeremy Walker,walkeje02,R
Ryan Weber,weberry01,R
Devin Williams,willide03,R
Cody Wilson,wilsoco01,R
Dan Winkler,winklda01,R
Asher Wojciechowski,wojcias01,R
Mike Wright Jr.,wrighmi01,R
T.J. Zeuch,zeuchtj01,R
Tyler Zuber,zuberty01,R
Rafael Devers,deverra01,L
Charlie Blackmon,blackch02,L
Nick Markakis,markani01,L
J.P. Crawford,crawfjp01,L
Eric Hosmer,hosmeer01,L
Freddie Freeman,freemfr01,L
Matt Olson,olsonma02,L
Cedric Mullins,mullice01,L
Kyle Seager,seageky01,L
Ender Inciarte,inciaen01,L
Nathaniel Lowe,lowena01,L
Corey Seager,seageco01,L
Alex Verdugo,verdual01,L
Jake Cronenworth,croneja01,L
Shohei Ohtani,ohtansh01,L
Scooter Gennett,gennesc01,L
Brandon Nimmo,nimmobr01,L
Andrew Benintendi,beninan01,L
Adam Frazier,fraziad01,L
Kyle Schwarber,schwaky01,L
Michael Brantley,brantmi02,L
Christian Yelich,yelicch01,L
Bryce Harper,harpebr03,L
Mike Moustakas,moustmi01,L
Adam Eaton,eatonad02,L
Anthony Rizzo,rizzoan01,L
Matt Carpenter,carpema01,L
Shin-Soo Choo,choosh01,L
Steven Kwan,kwanst01,L
Eddie Rosario,rosared01,L
David Peralta,peralda01,L
Cody Bellinger,bellico01,L
Alex Gordon,gordoal01,L
Dee Strange-Gordon,gordode01,L
Kole Calhoun,calhoko01,L
Odubel Herrera,herreod01,L
Michael Conforto,confomi01,L
Luis Arraez,arraelu01,L
Kyle Tucker,tuckeky01,L
Juan Soto,sotoju01,L
Yordan Alvarez,alvaryo01,L
Brandon Lowe,lowebr01,L
Jeff McNeil,mcneije01,L
Max Kepler,keplema01,L
Brandon Crawford,crawfbr01,L
Daulton Varsho,varshda01,L
Brett Gardner,gardnbr01,L
Jason Kipnis,kipnija01,L
Austin Meadows,meadoau01,L
Jared Walsh,walshja01,L
Ryan McMahon,mcmahry01,L
Rowdy Tellez,tellero01,L
Jon Jay,jayjo02,L
Brandon Belt,beltbr01,L
Joey Votto,vottojo01,L
Rougned Odor,odorro01,L
Yonder Alonso,alonsyo01,L
Jason Heyward,heywaja01,L
Mallex Smith,smithma05,L
Corey Dickerson,dickeco01,L
Didi Gregorius,gregodi01,L
Josh Reddick,reddijo01,L
Seth Brown,brownse01,L
Joey Gallo,gallojo01,L
Derek Dietrich,dietrde01,L
Travis Shaw,shawtr01,L
Pavin Smith,smithpa04,L
Tony Kemp,kempto01,L
Nicky Lopez,lopezni01,L
Max Muncy,muncyma01,L
Jackie Bradley Jr.,bradlja02,L
Andres Gimenez,gimenan01,L
Nomar Mazara,mazarno01,L
Raimel Tapia,tapiara01,L
Joey Wendle,wendljo01,L
Joe Mauer,mauerjo01,L
Mike Yastrzemski,yastrmi01,L
Josh Rojas,rojasjo01,L
Kolten Wong,wongko01,L
Chris Davis,davisch02,L
Colin Moran,moranco01,L
Jazz Chisholm Jr.,chishja01,L
Carlos Gonzalez,gonzaca01,L
Trent Grisham,grishtr01,L
Daniel Vogelbach,vogelda01,L
Gregory Polanco,polangr01,L
Tucker Barnhart,barnhtu01,L
MJ Melendez,melenmj01,L
Jesse Winker,winkeje01,L
Joc Pederson,pederjo01,L
Josh Naylor,naylojo01,L
Kevin Kiermaier,kiermke01,L
Dominic Smith,smithdo02,L
Daniel Murphy,murphda08,L
Joe Panik,panikjo01,L
Denard Span,spande01,L
Omar Narvaez,narvaom01,L
Bryson Stott,stottbr01,L
Brandon Marsh,marshbr02,L
Justin Bour,bourju01,L
Gavin Lux,luxga01,L
Harold Castro,castrha01,L
Daniel Palka,palkada01,L
Michael Harris,harrimi04,L
Akil Baddoo,baddoak01,L
Brian Goodwin,goodwbr01,L
Tyler Naquin,naquity01,L
Ji-Man Choi,choiji01,L
Nick Williams,willini01,L
Nick Gordon,gordoni01,L
Mitch Moreland,morelmi01,L
Gerardo Parra,parrage01,L
Jarrod Dyson,dysonja01,L
Eric Sogard,sogarer01,L
Eric Thames,thameer01,L
Brendan Donovan,donovbr01,L
Robinson Canó,canoro01,L
Ronald Guzman,guzmaro01,L
Alek Thomas,thomaal01,L
Scott Schebler,schebsc01,L
Gavin Sheets,sheetga01,L
Riley Greene,greenri03,L
David Dahl,dahlda01,L
Jake Bauers,bauerja01,L
Ben Gamel,gamelbe01,L
Rio Ruiz,ruizri01,L
Christin Stewart,stewach02,L
Luis Garcia,garcilu04,L
Tony Wolters,wolteto01,L
Dwight Smith Jr.,smithdw02,L
Cavan Biggio,biggica01,L
Daniel Descalso,descada01,L
Travis Jankowski,jankotr01,L
Curtis Granderson,grandcu01,L
Jarred Kelenic,kelenja01,L
LaMonte Wade Jr.,wadela01,L
Oneil Cruz,cruzon01,L
Brad Miller,millebr02,L
Lucas Duda,dudalu01,L
Ryan O'Hearn,ohearry01,L
Jack Suwinski,suwinja01,L
Brock Holt,holtbr01,L
Jake McCarthy,mccarja02,L
Jay Bruce,bruceja01,L
Leonys Martín,martile01,L
Logan Morrison,morrilo01,L
Rafael Ortega,ortegra01,L
Jesus Sanchez,sanchje02,L
Greg Garcia,garcigr01,L
Luis Gonzalez,gonzalu03,L
Matt Adams,adamsma01,L
Willie Calhoun,calhowi01,L
JT Riddle,riddljt01,L
Yadiel Hernández,hernaya01,L
Bradley Zimmer,zimmebr01,L
Cory Spangenberg,spangco01,L
Luis Guillorme,guilllu01,L
Tommy La Stella,lasteto01,L
Lars Nootbaar,nootbla01,L
Jace Peterson,peterja01,L
CJ Abrams,abramcj01,L
Nicky Delmonico,delmoni01,L
Jake Cave,caveja01,L
Alex Dickerson,dickeal01,L
Nolan Gorman,gormano01,L
Brian McCann,mccanbr01,L
Josh VanMeter,vanmejo01,L
Greg Bird,birdgr01,L
DJ Stewart,stewadj01,L
Steven Duggar,duggast01,L
Luis Valbuena,valbulu01,L
Billy McKinney,mckinbi01,L
Trevor Larnach,larnatr01,L
Mike Tauchman,tauchmi01,L
Vinnie Pasquantino,pasquvi01,L
Kyle Isbel,isbelky01,L
Stephen Vogt,vogtst01,L
Brett Phillips,phillbr02,L
Alfonso Rivas,rivasal01,L
Matt Beaty,beatyma01,L
Reese McGuire,mcguire01,L
Bobby Bradley,bradlbo01,L
Franchy Cordero,cordefr02,L
Isan Diaz,diazis01,L
Jason Castro,castrja01,L
Yoshi Tsutsugo,tsutsyo01,L
Dom Nunez,nunezdo01,L
TJ Friedl,friedtj01,L
Vimael Machin,machivi01,L
Adam Haseley,haselad01,L
Jake Fraley,fraleja01,L
Alex Kirilloff,kirilal01,L
Sam Hilliard,hillisa01,L
Josh Smith,smithjo11,L
Calvin Mitchell,mitchca01,L
Michael Perez,perezmi03,L
Magneuris Sierra,sierrma01,L
Matt Joyce,joycema01,L
Jake Lamb,lambja01,L
JJ Bleday,bledajj01,L
Jarren Duran,duranja01,L
Zack Collins,colliza01,L
Alex Avila,avilaal01,L
Dustin Fowler,fowledu01,L
Andrew Stevenson,stevean01,L
Carlos Asuaje,asuajca01,L
Gregor Blanco,blancgr01,L
Josh Lowe,lowejo01,L
Mike Freeman,freemmi01,L
Jim Adduci,adducji02,L
Michael Massey,massemi02,L
Adrian Gonzalez,gonzaad01,L
Jose Rojas,rojasjo02,L
Chance Sisco,siscoch01,L
Zach McKinstry,mckinza01,L
Preston Tucker,tuckepr01,L
Chase Utley,utleych01,L
Shogo Akiyama,akiyash01,L
Ryan Flaherty,flahery01,L
Lewin Diaz,diazle01,L
Tucupita Marcano,marcatu01,L
Nick Pratto,prattni01,L
Taylor Trammell,trammta01,L
Shed Long Jr.,longsh01,L
Nick Martini,martini02,L
Marco Hernandez,hernama02,L
Matt Thaiss,thaisma01,L
Tyler Wade,wadety01,L
Derek Fisher,fishede01,L
Ryan Goins,goinsry01,L
Jason Martin,martija03,L
Charlie Tilson,tilsoch01,L
Mike Ford,fordmi01,L
Darick Hall,hallda02,L
Meibrys Viloria,vilorme01,L
JB Shuck,shuckja01,L
Hoy Park,parkho01,L
Max Schrock,schroma01,L
Mason Williams,willima10,L
Justin Williams,williju02,L
Kody Clemens,clemeko01,L
Nick Maton,matonni01,L
Jose Miguel Fernandez,fernajo03,L
Gunnar Henderson,hendegu01,L
Bligh Madris,madribl01,L
Richie Palacios,palacri01,L
Pedro Alvarez,alvarpe01,L
Seth Beer,beerse01,L
Drew Robinson,robindr01,L
Ka'ai Tom,tomka01,L
Jose Marmolejos,marmojo01,L
Mickey Moniak,moniami01,L
Garrett Stubbs,stubbga01,L
Corbin Carroll,carroco02,L
Francisco Arcia,arciafr01,L
Kerry Carpenter,carpeke01,L
Rafael Lopez,lopezra02,L
Jason Vosler,vosleja01,L
Kyle Stowers,stoweky01,L
Ben Rortvedt,rortvbe01,L
Terrin Vavra,vavrate01,L
Nolan Jones,jonesno01,L
Edwin Rios,riosed01,L
Lonnie Chisenhall,chiselo01,L
Chris Herrmann,herrmch01,L
Patrick Mazeika,mazeipa01,L
Jonathan Aranda,arandjo01,L
Luis Barrera,barrelu01,L
Daniel Johnson,johnsda07,L
Triston Casas,casastr01,L
Donovan Walton,waltodo01,L
Matt Skole,skolema01,L
Zack Wheeler,wheelza01,L
Jacob deGrom,degroja01,L
J.J. Matijevic,matijjj01,L
Luke Raley,raleylu01,L
Austin Allen,allenau01,L
Patrick Corbin,corbipa01,L
Kyle Freeland,freelky01,L
Tzu-Wei Lin,lintz02,L
Noah Syndergaard,syndeno01,L
Eddy Alvarez,alvared01,L
Corban Joseph,josepco01,L
Garrett Mitchell,mitchga01,L
Cal Stevenson,steveca01,L
Kean Wong,wongke01,L
Jon Lester,lestejo01,L
Julio Urias,uriasju01,L
Mark Contreras,contrma01,L
Matt Wallner,wallnma01,L
Max Fried,friedma01,L
Will Benson,bensowi01,L
Bruce Maxwell,maxwebr01,L
Robbie Ray,rayro02,L
Livan Soto,sotoli01,L
Anthony Bemboom,bemboan01,L
Kevin Gausman,gausmke01,L
Wade Miley,mileywa01,L
Chris Shaw,shawch01,L
Conner Capel,capelco01,L
Brandon Woodruff,woodrbr01,L
Brian O'Grady,ogradbr01,L
Tyler Anderson,anderty01,L
Clayton Kershaw,kershcl01,L
Alec Burleson,burleal01,L
Joey Lucchesi,lucchjo01,L
Josh Palacios,palacjo01,L
Andrew Suarez,suarean01,L
Sean Newcomb,newcose01,L
Colby Rasmus,rasmuco01,L
AJ Reed,reedaj01,L
Ichiro Suzuki,suzukic01,L
Rich Hill,hillri01,L
Trevor Rogers,rogertr01,L
Steven Brault,braulst01,L
Will Brennan,brennwi02,L
Mike Gerber,gerbemi01,L
Cole Hamels,hamelco01,L
Kevin Kramer,krameke01,L
Clayton Richard,richacl01,L
Jose Devers,deverjo01,L
Drew Smyly,smylydr01,L
Socrates Brito,britoso01,L
Esteban Quiroz,quiroes01,L
Jason Vargas,vargaja01,L
Brett Baty,batybr01,L
Dylan Cozens,cozendy01,L
Dallas Keuchel,keuchda01,L
Juan Centeno,centeju01,L
Nick Ciuffo,ciuffni01,L
Jose Godoy,godoyjo01,L
Sal Romano,romansa01,L
Nick Heath,heathni01,L
Pablo Lopez,lopezpa01,L
Zach Reks,reksza01,L
Blake Snell,snellbl01,L
Ji Hwan Bae,baeji01,L
Mike Montgomery,montgmi01,L
Austin Gomber,gombeau01,L
Clay Buchholz,buchhcl01,L
Estevan Florial,flories01,L
Greg Deichmann,deichgr01,L
Cody Thomas,thomaco01,L
Andrew Toles,tolesan01,L
Nick Plummer,plummni01,L
Brett Anderson,anderbr04,L
Kwang Hyun Kim,kimkw01,L
Brent Suter,suterbr01,L
Cal Quantrill,quantca01,L
Beau Taylor,taylobe11,L
Alex Young,youngal01,L
Boog Powell,powelbo02,L
Michael Siani,sianimi01,L
Travis Blankenhorn,blanktr01,L
Ryan Aguilar,aguilry01,L
Mark Payton,paytoma01,L
Rob Brantly,brantro01,L
Matt Moore,moorema02,L
Jared Young,youngja02,L
Matt den Dekker,dendema01,L
Khalil Lee,leekh01,L
Bryan Mitchell,mitchbr01,L
Ford Proctor,proctfo01,L
Matt Koch,kochma01,L
Braxton Lee,leebr01,L
Ian Miller,milleia01,L
Mitch Walding,waldimi01,L
Javy Guerra,guerrja02,L
Miles Mastrobuoni,mastrmi01,L
David Peterson,peterda01,L
Ranger Suarez,suarera01,L
Taylor Widener,widenta01,L
Jesus Luzardo,luzarje01,L
Nick Margevicius,margeni01,L
David Price,priceda01,L
J.A. Happ,happja01,L
Steele Walker,walkest01,L
James Outman,outmaja01,L
Justin Steele,steelju01,L
Chase De Jong,dejonch01,L
Jarrett Parker,parkeja03,L
Josh Rogers,rogerjo01,L
Nolan Fontana,fontano01,L
Wade LeBlanc,leblawa01,L
Brian Miller,millebr03,L
Miguel Montero,montemi01,L
Cody Reed,reedco01,L
Dillon Thomas,thomadi01,L
Sherman Johnson,johnssh01,L
Sam Long,longsa01,L
Joe McCarthy,mccarjo04,L
Brendan McKay,mckaybr01,L
Jarlin Garcia,garcija04,L
Tyler Gilbert,gilbety01,L
Travis Swaggerty,swaggtr01,L
Jon Duplantier,duplajo01,L
Andrew Heaney,heanean01,L
Ryder Jones,jonesry01,L
Reiss Knehr,knehrre01,L
Jason Krizan,krizaja01,L
Bo Naylor,naylobo01,L
Brandon Finnegan,finnebr01,L
Gosuke Katoh,katohgo01,L
T.J. McFarland,mcfartj01,L
Tommy Milone,milonto01,L
Simon Muzziotti,muzzisi01,L
Dillon Peters,peterdi01,L
Jacob Robson,robsoja01,L
Eduardo Rodriguez,rodried05,L
Tucker Davidson,davidtu01,L
Cole Irvin,irvinco01,L
Efren Navarro,navaref01,L
Daniel Norris,norrida01,L
Reiver Sanmartin,sanmare01,L
Scott Alexander,alexasc02,L
Kris Bubic,bubickr01,L
Paul Campbell,campbpa02,L
Ronnie Dawson,dawsoro01,L
Marco Gonzales,gonzama02,L
Scott Hurst,hurstsc01,L
Josh Lester,lestejo02,L
Luis Liberato,liberlu01,L
John Means,meansjo01,L
Sean Nolin,nolinse01,L
James Paxton,paxtoja01,L
Ryan Schimpf,schimry01,L
Canaan Smith-Njigba,smithca05,L
Genesis Cabrera,cabrege01,L
Daniel Castano,castada01,L
Danny Duffy,duffyda01,L
Luke Farrell,farrelu01,L
Dylan Floro,florody01,L
Jaime Garcia,garcija02,L
Drew Hutchison,hutchdr01,L
Brian Johnson,johnsbr02,L
Kevin Kaczmarski,kaczmke01,L
Lance McCullers Jr.,mcculla02,L
Jordan Montgomery,montgjo01,L
Chris Rusin,rusinch01,L
Patrick Sandoval,sandopa02,L
Robert Stock,stockro01,L
Bruce Zimmermann,zimmebr02,L
Jalen Beeks,beeksja02,L
Matthew Boyd,boydma01,L
Daniel Camarena,camarda01,L
P.J. Conlon,conlopj01,L
Austin Davis,davisau01,L
Sean Doolittle,doolise01,L
Tyler Glasnow,glasnty01,L
Matt Grace,gracema02,L
Jared Hoying,hoyinja01,L
Dan Jennings,jennida01,L
Scott Kazmir,kazmisc01,L
Conner Menez,menezco01,L
Harrison Musgrave,musgrha01,L
Martin Perez,perezma02,L
Nick Ramirez,ramirni01,L
Carlos Rodon,rodonca01,L
CC Sabathia,sabatc.01,L
Eric Skoglund,skogler01,L
Brock Stewart,stewabr01,L
Alex Vesia,vesiaal01,L
Keegan Akin,akinke01,L
Kolby Allard,allarko01,L
Jose Alvarez,alvarjo02,L
Jesse Biddle,biddlje01,L
Jerry Blevins,blevije01,L
John Brebbia,brebbjo01,L
Rex Brothers,brothre01,L
Ryan Carpenter,carpery01,L
Sam Clay,claysa01,L
Roenis Elias,eliasro01,L
Luiz Gohara,goharlu01,L
Josh Hader,haderjo01,L
Donnie Hart,hartdo01,L
Yusei Kikuchi,kikucyu01,L
Yohander Mendez,mendeyo01,L
Nate Mondou,mondona01,L
Shawn Morimando,morimsh01,L
Vidal Nuno III,nunovi01,L
Steven Okert,okertst01,L
Emilio Pagan,paganem01,L
Corey Ray,rayco01,L
Kyle Ryan,ryanky01,L
Chris Sale,salech01,L
Justus Sheffield,sheffju01,L
Tyler Skaggs,skaggty01,L
Gregory Soto,sotogr01,L
Jose Suarez,suarejo01,L
Felipe Vazquez,riverfe01,L
Brad Wieck,wieckbr01,L
Kirby Yates,yateski01,L
Jose Alvarado,alvarjo03,L
Luis Avilan,avilalu01,L
Anthony Banda,bandaan01,L
Charlie Barnes,barnech01,L
Buddy Baumann,baumabu01,L
David Bednar,bednada01,L
Jose Castillo,castijo03,L
Adam Conley,conlead01,L
Danny Coulombe,couloda01,L
Hans Crouse,crousha01,L
Jorge De La Rosa,rosajo01,L
Reid Detmers,detmere01,L
Brian Duensing,duensbr01,L
Zach Duke,dukeza01,L
Josh Fleming,flemijo01,L
Brian Flynn,flynnbr01,L
Chad Green,greench03,L
Brad Hand,handbr01,L
Sam Hentges,hentgsa01,L
John King,kingjo01,L
Jack Larsen,larseja01,L
Adam Liberatore,liberad01,L
Francisco Liriano,liriafr01,L
Tyler Lyons,lyonsty01,L
Kyle McGrath,mcgraky01,L
Ben Meyer,meyerbe02,L
Andrew Miller,millean01,L
Hoby Milner,milneho01,L
A.J. Minter,minteaj01,L
Adrián Morejón,morejad01,L
Connor Overton,overtco01,L
Wandy Peralta,peralwa01,L
Jose Quijada,quijajo01,L
Randy Rosario,rosarra01,L
Troy Scribner,scribtr01,L
Chasen Shreve,shrevch01,L
D.J. Snelten,sneltdj01,L
Brandon Waddell,waddebr01,L
Tony Watson,watsoto01,L
Tyler Webb,webbty01,L
Justin Wilson,wilsoju10,L
Francisco Lindor,lindofr01,S
Jonathan Villar,villajo01,S
Tommy Edman,edmanto01,S
Ozzie Albies,albieoz01,S
Eduardo Escobar,escobed01,S
Jorge Polanco,polanjo01,S
Cesar Hernandez,hernace02,S
Freddy Galvis,galvifr01,S
Jose Ramirez,ramirjo01,S
Yolmer Sanchez,sanchca01,S
Jed Lowrie,lowrije01,S
Yoan Moncada,moncayo01,S
Leury Garcia,garcile02,S
Jurickson Profar,profaju01,S
Anthony Santander,santaan02,S
Ian Happ,happia01,S
Carlos Santana,santaca01,S
Ketel Marte,marteke01,S
Bryan Reynolds,reynobr01,S
Jeimer Candelario,candeje01,S
Robbie Grossman,grossro01,S
Josh Bell,belljo02,S
Asdrubal Cabrera,cabreas01,S
Dylan Carlson,carlsdy01,S
Yasmani Grandal,grandya01,S
Justin Smoak,smoakju01,S
Marwin Gonzalez,gonzama01,S
Luis Rengifo,rengilu01,S
Dexter Fowler,fowlede01,S
Aaron Hicks,hicksaa01,S
Danny Santana,santada01,S
Yangervis Solarte,solarya01,S
Victor Martinez,martivi01,S
Johan Camargo,camarjo01,S
Ben Zobrist,zobribe01,S
Niko Goodrum,goodrni01,S
Geraldo Perdomo,perdoge01,S
Adalberto Mondesí,mondera02,S
Willi Castro,castrwi01,S
Kendrys Morales,moralke01,S
Wilmer Difo,difowi01,S
Taylor Walls,wallsta01,S
Jonah Heim,heimjo01,S
Adley Rutschman,rutscad01,S
Keibert Ruiz,ruizke01,S
Melky Cabrera,cabreme01,S
Cal Raleigh,raleica01,S
Neil Walker,walkene01,S
Ehire Adrianza,adriaeh01,S
Abraham Toro,toroab01,S
Stevie Wilkerson,wilkest01,S
Andrew Velazquez,velazan01,S
Victor Reyes,reyesvi01,S
Wander Franco,francwa01,S
Leody Taveras,taverle01,S
Victor Caratini,caratvi01,S
Alen Hanson,hansoal01,S
Francisco Mejia,mejiafr01,S
Rosell Herrera,herrero02,S
Pablo Sandoval,sandopa01,S
Greg Allen,allengr01,S
Sandy Leon,leonsa01,S
Rodolfo Castro,castrro01,S
Matt Wieters,wietema01,S
Jose Reyes,reyesjo01,S
Sergio Alcantara,alcanse01,S
Ildemaro Vargas,vargail01,S
Blake Swihart,swihabl01,S
Andrew Knapp,knappan01,S
Sam Haggerty,haggesa01,S
Cooper Hummel,hummeco01,S
Tyler Heineman,heinety01,S
Oswaldo Cabrera,cabreos01,S
Abraham Almonte,almonab01,S
Vidal Brujan,brujavi01,S
Cole Tucker,tuckeco01,S
Alejo Lopez,lopezal03,S
Yonny Hernandez,hernayo02,S
Roman Quinn,quinnro01,S
Andrew Romine,rominan01,S
Kaleb Cowart,cowarka01,S
Jose Herrera,herrejo04,S
Michael Toglia,toglimi01,S
Eric Young Jr.,younger03,S
Skye Bolt,boltsk01,S
Robel Garcia,garciro02,S
Richard Urena,urenari01,S
Drew Waters,waterdr01,S
Michael Papierski,papiemi01,S
Domingo Leyba,leybado01,S
Breyvic Valera,valerbr01,S
Jesmuel Valentin,valenje01,S
Anderson Tejeda,tejedan01,S
Jonathan Arauz,arauzjo01,S
Pedro Florimon,floripe01,S
Max Moroff,morofma01,S
Derek Holland,hollade01,S
Chase Headley,headlch01,S
Rafael Marchan,marchra01,S
Henry Ramos,ramoshe01,S
Jose Lobaton,lobatjo01,S
Taijuan Walker,walketa01,S
Cliff Pennington,pennicl01,S
Tomas Telis,telisto01,S
Ramon Torres,torrera01,S
Lucius Fox,foxlu01,S
Cristhian Adames,adamecr01,S
Erick Mejia,mejiaer01,S
Bryce Johnson,johnsbr03,S
Luis Sardinas,sardilu01,S
Miguel Gomez,gomezmi01,S
Luis Alexander Basabe,basablu01,S
Ty Kelly,kellyty01,S
Dalton Pompey,pompeda01,S
Wilkin Castillo,castiwi01,S
Jarrod Saltalamacchia,saltaja01,S
Engelb Vielma,vielmen01,S
Dylan Bundy,bundydy01,S
Lance Lynn,lynnla01,S
Johnny Davis,davisjo06,S
Taylor Gushue,gushuta01,S
Mickey McDonald,mcdonmi01,S
Taylor Williams,willita01,S
Emilio Bonifacio,bonifem01,S
Ivan Castillo,castiiv01,S
Nick Franklin,frankni01,S
Darnell Sweeney,sweenda02,S
JT Chargois,chargjt01,S
Kenley Jansen,janseke01,S
Kris Medlen,medlekr01,S
Mike Siani,sianimi01,L
